{
 "templeR0013": [
  [
   0.9999999901362936,
   0.0001184923215557305,
   7.541208463030027e-05,
   9.058354099222527e-06
  ],
  [
   -0.00011849618596116128,
   0.9999999916664841,
   5.12414434639427e-05,
   1.6990465888499842e-06
  ],
  [
   -7.540601228424753e-05,
   -5.125037900292949e-05,
   0.999999995843666,
   -3.416472179893045e-06
  ]
 ],
 "templeR0042": [
  [
   -0.9998714108041019,
   -0.010975528205562437,
   0.011691862008417963,
   0.04714460992118738
  ],
  [
   0.01184553610494522,
   -0.996949536951713,
   0.077144695515322,
   -0.9975636622290734
  ],
  [
   0.01080949263385767,
   0.07727327191451262,
   0.9969513510280347,
   0.051469280617019476
  ]
 ],
 "templeR0044": [
  [
   -0.9987577997311545,
   -0.04958563274456394,
   0.004911466329349001,
   0.11458572745323746
  ],
  [
   0.04708431923982721,
   -0.9069040047355897,
   0.41869821241112487,
   -4.452253123926275
  ],
  [
   -0.016307187308212845,
   0.4184093584276894,
   0.9081121540989439,
   0.8773849748773563
  ]
 ],
 "templeR0032": [
  [
   -0.9226955743260782,
   -0.3083829656320345,
   -0.23137161370198417,
   2.386690271676133
  ],
  [
   0.08053050161417288,
   -0.7410694185046813,
   0.6665815443491538,
   -7.008116817336555
  ],
  [
   -0.37702482070659277,
   0.5964193687877053,
   0.7086157076342832,
   2.1642552778984787
  ]
 ],
 "templeR0034": [
  [
   -0.9207261371711659,
   -0.34774092784843225,
   -0.17703001844030514,
   1.8241411228036886
  ],
  [
   0.09302018964279687,
   -0.6361998759825811,
   0.7658961823371144,
   -8.045465072313688
  ],
  [
   -0.3789599248583964,
   0.6887132675496093,
   0.61811278133724,
   3.157217103755126
  ]
 ],
 "templeR0036": [
  [
   -0.9474830204864275,
   -0.31147157532428593,
   -0.07253539587624425,
   0.7884566419349801
  ],
  [
   0.10627493302338768,
   -0.5205739648717644,
   0.8471767145693779,
   -8.928634701471111
  ],
  [
   -0.3016315044898166,
   0.7949768580673896,
   0.5263366134295722,
   4.409988102229919
  ]
 ],
 "templeR0038": [
  [
   -0.9555116733576579,
   -0.2945558269942427,
   0.015307085319755415,
   -0.09558647026498143
  ],
  [
   0.10162423998691955,
   -0.2800526824645685,
   0.9545904927724143,
   -10.013013414767688
  ],
  [
   -0.2768934017349086,
   0.9136779300323159,
   0.2975276193020293,
   6.89476263371684
  ]
 ],
 "templeR0015": [
  [
   0.9992689896472545,
   -0.03741179469381487,
   -0.007864092264395751,
   0.07609874816336167
  ],
  [
   0.037960321687183406,
   0.9466521312991211,
   0.32001368140165065,
   -3.263749935453825
  ],
  [
   -0.004527726444987279,
   -0.32007827155966007,
   0.9473802825521649,
   0.4754605750145401
  ]
 ],
 "templeR0017": [
  [
   0.9966749710485766,
   -0.07598590871083544,
   -0.02941332627751577,
   0.29168447255297136
  ],
  [
   0.07890792064153038,
   0.8101421689057158,
   0.5808986195721012,
   -5.9443907587538085
  ],
  [
   -0.020311133531857907,
   -0.5812880592598918,
   0.8134443127937645,
   1.8089628836652203
  ]
 ],
 "templeR0019": [
  [
   0.9887021600566106,
   -0.14891365786680474,
   -0.01711026592781257,
   0.18422758827334265
  ],
  [
   0.10700049999268044,
   0.6212262085876816,
   0.7762917562135325,
   -7.965695268849165
  ],
  [
   -0.10497109935934099,
   -0.7693521432117432,
   0.6301415301619064,
   3.603086778838925
  ]
 ],
 "templeR0021": [
  [
   0.9869837871949365,
   -0.1400632782520355,
   -0.07902709598380366,
   0.8000479553762281
  ],
  [
   0.12766588897256884,
   0.38355459407464426,
   0.9146514604793886,
   -9.40731989735856
  ],
  [
   -0.0977978762917895,
   -0.9128352268890195,
   0.3964434687862673,
   6.005663152682332
  ]
 ]
}