{
 "templeR0013": [
  [
   1.0,
   0.0,
   0.0,
   0.0
  ],
  [
   0.0,
   1.0,
   0.0,
   0.0
  ],
  [
   0.0,
   0.0,
   1.0,
   0.0
  ]
 ],
 "templeR0042": [
  [
   -0.9998748738201504,
   -0.010756643887864806,
   0.011598763529268755,
   0.047153800261121454
  ],
  [
   0.011619614203903068,
   -0.9969556627135275,
   0.07709987775077098,
   -0.9975478627045109
  ],
  [
   0.010734117052216906,
   0.07722500369505358,
   0.9969559055120784,
   0.05171828240184273
  ]
 ],
 "templeR0044": [
  [
   -0.9986612491696195,
   -0.051522655803144274,
   0.004596231713695813,
   0.11425075907251471
  ],
  [
   0.048720329354737274,
   -0.9070346290406898,
   0.41822782215986587,
   -4.452567002804659
  ],
  [
   -0.01737926680102427,
   0.41789184923854306,
   0.9083305364378377,
   0.8773615776152011
  ]
 ],
 "templeR0032": [
  [
   -0.9234526724957044,
   -0.3064634577329518,
   -0.2309010843086375,
   2.387270161049565
  ],
  [
   0.07927304398863272,
   -0.7411465022082029,
   0.6666465681013611,
   -7.007948357097927
  ],
  [
   -0.37543434333757686,
   0.59731232310987,
   0.7087080093407814,
   2.164261306912717
  ]
 ],
 "templeR0034": [
  [
   -0.9199500122347428,
   -0.3495912745753861,
   -0.17742016720219184,
   1.823675470735276
  ],
  [
   0.09384905762455181,
   -0.6357853174714791,
   0.7661392722414602,
   -8.046057138091014
  ],
  [
   -0.3806367420156392,
   0.688159117376532,
   0.6176995222592233,
   3.1567423599695705
  ]
 ],
 "templeR0036": [
  [
   -0.947693388402902,
   -0.3108883238853986,
   -0.07228894555292636,
   0.7886839484247445
  ],
  [
   0.10624023139897974,
   -0.5208121247486903,
   0.8470346769448378,
   -8.928498705968265
  ],
  [
   -0.30098215031745273,
   0.7950491687854795,
   0.5265990546932267,
   4.410118149393407
  ]
 ],
 "templeR0038": [
  [
   -0.9554795294338018,
   -0.2946725551896268,
   0.015064994224262135,
   -0.09567660676094605
  ],
  [
   0.10143636667724149,
   -0.2801055022726425,
   0.9545949775228816,
   -10.012678726862433
  ],
  [
   -0.27707315342393046,
   0.9136240982015563,
   0.2975255868612181,
   6.8948533462928
  ]
 ],
 "templeR0015": [
  [
   0.9992742365698207,
   -0.03730346057955636,
   -0.007710509489739035,
   0.07611332394132654
  ],
  [
   0.03780864521629497,
   0.9466657676442499,
   0.31999129787766334,
   -3.2637550996952562
  ],
  [
   -0.004637507381148407,
   -0.32005058381342255,
   0.9473891055558836,
   0.4754531081662158
  ]
 ],
 "templeR0017": [
  [
   0.9966760979013378,
   -0.07590471502476083,
   -0.029584288214738134,
   0.29167412991609204
  ],
  [
   0.07894136165907813,
   0.8101427483022239,
   0.5808932679870977,
   -5.94439810110915
  ],
  [
   -0.020125041405509633,
   -0.5812978596299228,
   0.8134419346813251,
   1.8089572648345682
  ]
 ],
 "templeR0019": [
  [
   0.9886917524848005,
   -0.14899076379498682,
   -0.01704027207296143,
   0.18420454148806226
  ],
  [
   0.10699901223337845,
   0.6212546332335007,
   0.7762692136539938,
   -7.965629907796094
  ],
  [
   -0.10507059507595562,
   -0.76931426152756,
   0.6301711966288919,
   3.603144052519862
  ]
 ],
 "templeR0021": [
  [
   0.986982968008073,
   -0.14005641530472684,
   -0.07904948699368515,
   0.8000797485515829
  ],
  [
   0.12767834940768158,
   0.38350299449250796,
   0.9146713575420459,
   -9.407420336208387
  ],
  [
   -0.09778987654407227,
   -0.9128579592396996,
   0.3963930956742635,
   6.00561414337314
  ]
 ]
}