{
 "templeR0032": [
  [
   1.0,
   0.0,
   0.0,
   0.0
  ],
  [
   0.0,
   1.0,
   0.0,
   0.0
  ],
  [
   0.0,
   0.0,
   1.0,
   0.0
  ]
 ],
 "templeR0047": [
  [
   0.9999595522983912,
   -0.008229416630065808,
   -0.003629114097185536,
   0.031151734133296385
  ],
  [
   0.0077667633785406046,
   0.9935666700213425,
   -0.1129820764958869,
   0.9974950524941611
  ],
  [
   0.00453554338788272,
   0.11294932016010387,
   0.9935903984648538,
   0.0635073988615445
  ]
 ],
 "templeR0033": [
  [
   0.9998374535879799,
   0.008288905609780215,
   -0.016011259990903744,
   0.13764762182696783
  ],
  [
   -0.006729544659938461,
   0.9954448192321763,
   0.0951016566232666,
   -0.8546287051444225
  ],
  [
   0.01672661446240854,
   -0.09497844970103465,
   0.9953387938089291,
   -0.021547450675384883
  ]
 ],
 "templeR0034": [
  [
   0.9995651609137154,
   0.024211378591414895,
   -0.016831465599925745,
   0.14580109993172669
  ],
  [
   -0.02025408085366407,
   0.9785870144021316,
   0.20483463440613636,
   -1.8551279601723891
  ],
  [
   0.02143038255168455,
   -0.2044046584357252,
   0.9786518657385082,
   0.13326194093344002
  ]
 ],
 "templeR0035": [
  [
   0.9988870668669201,
   0.04310605115298072,
   -0.019144085248395788,
   0.1662527646772412
  ],
  [
   -0.03468354802742071,
   0.9463709532990344,
   0.3212149906964284,
   -2.9128556679826167
  ],
  [
   0.03196371602662675,
   -0.32019351509028654,
   0.9468127765043604,
   0.4015295510249714
  ]
 ],
 "templeR0036": [
  [
   0.9983659135999208,
   0.05685717783580439,
   -0.005723975047391444,
   0.04899283039582197
  ],
  [
   -0.04870408629410197,
   0.8990168017624254,
   0.4351973140164314,
   -3.9499397305032034
  ],
  [
   0.029890040817170442,
   -0.4342073830295928,
   0.9003169075289769,
   0.8297050901886156
  ]
 ],
 "templeR0046": [
  [
   0.9996042322787613,
   -0.020791904548753272,
   0.01894928799780594,
   -0.1695388331855724
  ],
  [
   0.025919808311144148,
   0.942521741359369,
   -0.33313800534015375,
   2.9530705581009373
  ],
  [
   -0.010933542312617717,
   0.3334973219834581,
   0.9426876438579005,
   0.4910195170506166
  ]
 ],
 "templeR0045": [
  [
   0.9988195621757276,
   -0.04845552653208654,
   -0.0033976703174323584,
   0.02649826554688217
  ],
  [
   0.041188762617932737,
   0.8819524048577163,
   -0.46953534627298765,
   4.180621059049785
  ],
  [
   0.025748165936456346,
   0.4688411431542555,
   0.8829071380596714,
   1.024268154856405
  ]
 ],
 "templeR0044": [
  [
   0.9980553698936248,
   -0.0620583011786821,
   0.0058519980618368436,
   -0.05667327191769072
  ],
  [
   0.05342894761756723,
   0.8033437122902404,
   -0.5931140088382796,
   5.293947207723871
  ],
  [
   0.032106481946470165,
   0.5922732875780838,
   0.8050972156444646,
   1.7118560836207555
  ]
 ],
 "templeR0037": [
  [
   0.9975160502345937,
   0.07036516475413974,
   0.003236219012717964,
   -0.030422518624215848
  ],
  [
   -0.060469322076454404,
   0.8318568150040928,
   0.5516862336680702,
   -5.005938682838454
  ],
  [
   0.03612742188406933,
   -0.5505115647471625,
   0.8340454582740926,
   1.4034787466259517
  ]
 ],
 "templeR0038": [
  [
   0.9963397216076433,
   0.08454274676568871,
   0.012636578497235412,
   -0.11478224704254714
  ],
  [
   -0.07212652735122077,
   0.7520974845441956,
   0.6550932283229214,
   -5.946430908004261
  ],
  [
   0.04587944200900622,
   -0.6536068372589183,
   0.7554423731095152,
   2.109812160690721
  ]
 ],
 "templeR0043": [
  [
   0.9969805387911169,
   -0.07683726460830652,
   0.0112178446810111,
   -0.10697954292463566
  ],
  [
   0.06290367709874099,
   0.7144525665093638,
   -0.6968505274559533,
   6.23097088411798
  ],
  [
   0.04552947044751927,
   0.6954520579994685,
   0.7171286511812733,
   2.5292474903844298
  ]
 ],
 "templeR0039": [
  [
   0.9951942858519977,
   0.09443413303815315,
   0.025894553961493257,
   -0.2320937560621939
  ],
  [
   -0.0819150102922735,
   0.658004779044072,
   0.7485450165781472,
   -6.796882693111905
  ],
  [
   0.05364945942271014,
   -0.7470688758558305,
   0.6625781691477289,
   2.9422462669681977
  ]
 ],
 "templeR0042": [
  [
   0.996076681427867,
   -0.08556176417307695,
   0.022592680833365388,
   -0.2093693310593022
  ],
  [
   0.070322742805917,
   0.6103279981874237,
   -0.7890211951987001,
   7.062591135823571
  ],
  [
   0.053721099764435225,
   0.7875143929733113,
   0.613950424953006,
   3.468519600750981
  ]
 ],
 "templeR0013": [
  [
   -0.9941273595385692,
   0.10686377457319725,
   -0.017056573537532364,
   0.31044143855499495
  ],
  [
   -0.07486472181748934,
   -0.565334941230432,
   0.8214570455301811,
   -7.543127903226427
  ],
  [
   0.0781413235366685,
   0.81790985928032,
   0.5700152591360904,
   3.8500977779483145
  ]
 ],
 "templeR0014": [
  [
   -0.9925703023966197,
   0.11806099826581126,
   -0.029424402946588046,
   0.42153421812100617
  ],
  [
   -0.07950539430951203,
   -0.44626890474168135,
   0.8913601723974147,
   -8.172120249903305
  ],
  [
   0.09210367569197271,
   0.8870770346193955,
   0.45233974794935616,
   4.9174747457835215
  ]
 ],
 "templeR0015": [
  [
   -0.991084234164459,
   0.1255067693495624,
   -0.044722384083179884,
   0.5607417176615054
  ],
  [
   -0.08307876951807718,
   -0.3197130989411211,
   0.9438651664410693,
   -8.643555046219523
  ],
  [
   0.10416313573433708,
   0.9391653662763022,
   0.32728955978015806,
   6.048286461005231
  ]
 ],
 "templeR0016": [
  [
   -0.9897138584095774,
   0.12885268710167128,
   -0.06215676551032825,
   0.7178835667932989
  ],
  [
   -0.08576397740811846,
   -0.1866510329712897,
   0.9786756010394302,
   -8.954755278673007
  ],
  [
   0.11450335650611679,
   0.9739396166690362,
   0.195782032963711,
   7.23969685794177
  ]
 ],
 "templeR0017": [
  [
   -0.9886348803020237,
   0.12694282744088772,
   -0.08053938174282443,
   0.8821639941753784
  ],
  [
   -0.08701687794974247,
   -0.04632667572743343,
   0.995129088142802,
   -9.098215181948627
  ],
  [
   0.1225933782962319,
   0.9908276124923839,
   0.05684633603460032,
   8.501649789927873
  ]
 ],
 "templeR0018": [
  [
   -0.9841294409559368,
   0.14509934418116108,
   -0.10215392191175188,
   1.0824873401561368
  ],
  [
   -0.08489036469511191,
   0.12056677193280729,
   0.9890688952179388,
   -9.02551733635657
  ],
  [
   0.15582961665128436,
   0.9820437026038608,
   -0.10633577361553459,
   9.96618399907426
  ]
 ],
 "templeR0019": [
  [
   -0.9800259322271332,
   0.15320274745641976,
   -0.12679940983357493,
   1.311660843714522
  ],
  [
   -0.07949825845426736,
   0.2826362375480501,
   0.95592718557818,
   -8.70848530139233
  ],
  [
   0.18228877931753493,
   0.9469137634423138,
   -0.26481149057100306,
   11.387504749528919
  ]
 ],
 "templeR0020": [
  [
   -0.9793448507511223,
   0.14218977651678597,
   -0.1437558025311272,
   1.4632251185344407
  ],
  [
   -0.0741349839876474,
   0.4089475778430197,
   0.9095415783379444,
   -8.287023063848654
  ],
  [
   0.18811610100258094,
   0.9014121954080909,
   -0.38995946778242585,
   12.531886509588302
  ]
 ],
 "templeR0021": [
  [
   -0.9776859649366744,
   0.133187864173444,
   -0.1624535219770885,
   1.6320771492495614
  ],
  [
   -0.0671952748820007,
   0.5344203071329339,
   0.842543607392207,
   -7.676120349693546
  ],
  [
   0.19903504465137922,
   0.8346591688592759,
   -0.513545638516935,
   13.640008798524734
  ]
 ],
 "templeR0022": [
  [
   -0.9766395973353389,
   0.11975146485045414,
   -0.17842276643645427,
   1.7745500286579832
  ],
  [
   -0.06152547132992049,
   0.6397255205921148,
   0.7661369816689304,
   -6.984889683857768
  ],
  [
   0.20588762297500596,
   0.7592172580818474,
   -0.6174135095188503,
   14.580983411207882
  ]
 ],